<?xml version="1.0"?>
<object name="Object"
   meta_type="Dexterity FTI"
   i18n:domain="collective.object" xmlns:i18n="http://xml.zope.org/namespaces/i18n">

  <!-- Basic metadata -->
  <property name="title" i18n:translate="Object">Object</property>
  <property name="description"
    i18n:translate="">Information about a collectible object used by museums</property>
  <property name="icon_expr"></property>
  <property name="factory">collective.object.object</property>
  <property name="global_allow">True</property>
  <property name="filter_content_types">False</property>
  <property name="allowed_content_types" />
  <property name="allow_discussion">False</property>

  <!-- schema and class used for content items -->
  <property name="schema">collective.object.object.IObject</property>
  <property name="klass">collective.object.object.Object</property>

  <property name="behaviors">
     <element value="plone.app.content.interfaces.INameFromTitle" />
     <element value="plone.app.dexterity.behaviors.metadata.IBasic"/>
   </property>

  <!-- View information -->
  <property name="link_target"></property>
  <property name="immediate_view">view</property>
  <property name="default_view">view</property>
  <property name="view_methods">
   <element value="view"/>
  </property>
  <property name="default_view_fallback">False</property>
  <property name="add_permission">cmf.AddPortalContent</property>


  <!-- Method aliases -->
  <alias from="(Default)" to="(dynamic view)" />
  <alias from="view" to="(selected layout)" />
  <alias from="edit" to="@@edit" />
  <alias from="sharing" to="@@sharing" />

  <!-- Actions -->
  <action title="View" action_id="view" category="object" condition_expr=""
    url_expr="string:${object_url}/" visible="True">
    <permission value="View" />
  </action>
  <action title="Edit" action_id="edit" category="object" condition_expr=""
    url_expr="string:${object_url}/edit" visible="True">
    <permission value="Modify portal content" />
  </action>
</object>
