<?xml version='1.0' encoding='utf8'?>
<model xmlns:security="http://namespaces.plone.org/supermodel/security" xmlns:lingua="http://namespaces.plone.org/supermodel/lingua" xmlns:marshal="http://namespaces.plone.org/supermodel/marshal" xmlns:form="http://namespaces.plone.org/supermodel/form" xmlns="http://namespaces.plone.org/supermodel/schema" xmlns:i18n="http://xml.zope.org/namespaces/i18n" i18n:domain="collective.object">
  <schema>
    <field name="text" type="plone.app.textfield.RichText">
      <description/>
      <required>False</required>
      <title i18n:translate="Body">Body</title>
    </field>
    <fieldset i18n:translate="Collection" name="collection" label="Collection">
      <field name="object_number" type="zope.schema.TextLine">
        <description/>
        <required>False</required>
        <title i18n:translate="Objectnumber">Objectnumber</title>
      </field>
      <field name="priref" type="zope.schema.TextLine"
      	form:omitted="z3c.form.interfaces.IForm:true z3c.form.interfaces.IEditForm:true">
        <description/>
        <required>False</required>
        <title>priref</title>
      </field>
      <field name="object_type" type="zope.schema.TextLine">
        <description/>
        <required>False</required>
        <title i18n:translate="Objecttype">Objecttype</title>
      </field>
      <field name="artist" type="zope.schema.TextLine">
        <description/>
        <required>False</required>
        <title i18n:translate="Artist">Artist</title>
      </field>
      <field name="dating" type="zope.schema.TextLine">
        <description/>
        <required>False</required>
        <title i18n:translate="Dating">Dating</title>
      </field>
      <field name="term" type="zope.schema.TextLine">
        <description/>
        <required>False</required>
        <title>Term</title>
      </field>
      <field name="material" type="zope.schema.TextLine">
        <description/>
        <required>False</required>
        <title i18n:translate="Material">Material</title>
      </field>
      <field name="technique" type="zope.schema.TextLine">
        <description/>
        <required>False</required>
        <title i18n:translate="Technique">Technique</title>
      </field>
      <field name="dimension" type="zope.schema.TextLine">
        <description/>
        <required>False</required>
        <title i18n:translate="Measurements">Measurements</title>
      </field>
    </fieldset>
  </schema>
</model>
